L,H,feature_set,rmse_mean,mae_mean,rmse_std
21,1,returns_only,0.023513960048516098,0.015993791206915835,0.00011160579740506845
21,1,no_illiquidity,0.02352141557833474,0.015980621776766873,9.701496356584412e-05
21,1,full,0.023748382483178593,0.016229263067627633,0.00023153860199272768
21,5,full,0.053342411310454335,0.03743570397325018,5.494682027844883e-05
21,5,returns_only,0.05343738829662923,0.037103576129133294,7.877056134705619e-05
21,5,no_illiquidity,0.054051230745260824,0.03759027999002262,0.0007109380677030155
