model,mean_rank,wins,windows
ARCH,2.533333333333333,6,30
VAR,3.4,4,30
Random Walk,3.466666666666667,3,30
AR Linear,4.566666666666666,2,30
Diffusion,5.266666666666667,4,30
Random Forest,5.266666666666667,6,30
Historical Mean,6.066666666666666,2,30
GARCH,7.733333333333333,1,30
Ridge,8.2,1,30
ARIMA,8.5,1,30
MLP,11.0,0,30
