model,mean_rank,wins,windows
Random Walk,1.7666666666666666,10,30
AR Linear,2.3,8,30
Random Forest,3.1333333333333333,5,30
Historical Mean,3.533333333333333,6,30
Ridge,4.266666666666667,1,30
MLP,6.133333333333334,0,30
Diffusion,6.866666666666666,0,30
