model,mean_rank,wins,windows
VAR,2.433333333333333,9,30
Random Walk,2.6,5,30
AR Linear,3.433333333333333,2,30
Random Forest,4.233333333333333,6,30
Historical Mean,4.833333333333333,2,30
Diffusion,5.1,2,30
Ridge,6.4,2,30
ARIMA,6.966666666666667,2,30
MLP,9.0,0,30
