L,H,Diffusion,Historical Mean,Random Walk,Ridge
10,1,0.1015074791792325,0.0182836096032485,0.0174973472964618,0.0178258986885258
10,5,0.1088633020307834,0.0417727361142733,0.0415607876039477,0.0426173553279925
21,1,0.0980020029042132,0.0179094986849476,0.0174711477280129,0.0179812479869664
21,5,0.1035825719815304,0.0418492813093932,0.0413507201091662,0.0433623804734744
42,1,0.0848479341560625,0.0177376539855644,0.0174699816133679,0.0184069061012084
42,5,0.1051247248787744,0.0416211156160323,0.041286275179947,0.0445937868873654
