L,H,AR Linear,ARCH,ARIMA,Diffusion,GARCH,Historical Mean,MLP,Random Forest,Random Walk,Ridge,VAR
10,1,0.020160118496603766,0.020055995724879983,0.02233475565447579,0.02008769160363727,0.021528889365387195,0.020931536544451602,0.11454582649640603,0.02012279264877791,0.02002585241276756,0.020457542955189145,0.020095488657631333
10,5,0.04629751286050669,0.046145729817496976,0.04716698831814641,0.04725826509093331,0.04652629215315234,0.04628963905135301,0.1162026018970663,0.046409364274411405,0.046225513522868814,0.0467785843704405,0.04617051298034452
21,1,0.020198297502800035,0.020089066696774082,0.022315404623081292,0.02016982826688803,0.021564429511003225,0.020546494204345362,0.18237525300707355,0.020178904285627495,0.020058252176159867,0.020910192495751993,0.020132683471147744
21,5,0.04632822346062862,0.04618414893327015,0.047236917490599786,0.046418059400128914,0.04656981399129439,0.04650112894242591,0.19630586404043515,0.046604519192580206,0.046264322315700865,0.048207552108907856,0.04621051888789376
42,1,0.020271185503552922,0.02015544101612266,0.022375656906766062,0.020286625408153805,0.02161468485938125,0.020346086113645155,0.30815619226736934,0.020213438570196793,0.02012818224248575,0.02147653525942632,0.02020711690362897
42,5,0.0465332298578171,0.04638330835508206,0.047311367354038805,0.046960129570493295,0.046769572659947016,0.04651819654549478,0.2981039314513215,0.046949666667896746,0.04646280236599686,0.05001592336763876,0.04641614350138466
