L,H,AR Linear,Diffusion,Historical Mean,MLP,Random Forest,Random Walk,Ridge
10,1,0.020160118496603766,0.4832830762155188,0.020931536544451602,0.09459938461657809,0.020113248078334704,0.02002585241276756,0.02026438433838503
10,5,0.04629751286050669,0.6446960141154476,0.04628963905135301,0.11469056671320017,0.046566193302435284,0.046225513522868814,0.0465907822647491
21,1,0.020198297502800035,0.4848342460555779,0.020546494204345365,0.1623615357849763,0.020187615749059896,0.020058252176159867,0.020506407208300204
21,5,0.04632822346062862,0.4703216451857495,0.04650112894242591,0.20417238419123535,0.04664449928337627,0.046264322315700865,0.047370733122506024
42,1,0.020271185503552922,0.5554265987182084,0.020346086113645155,0.3576576728602252,0.020227292079109123,0.02012818224248575,0.02089537643433509
42,5,0.0465332298578171,0.5536460648692606,0.04651819654549478,0.34519079984825674,0.04688904721730993,0.04646280236599686,0.04871678835842833
