L,H,seed,importance_returns,importance_mask,importance_amihud,max_z_score,reject_threshold_2p5
21,1,0,0.008701942189679679,-0.0013421806385476298,0.009400830278393224,0.7771099668303357,False
21,1,1,-0.0669384030180693,-0.04103326631019266,-0.02283130405936107,1.1476255635816803,False
21,1,2,-0.003674586209270858,-0.02164161813723764,-0.009023646736777469,1.0318054666605005,False
21,5,0,-0.009969604502928275,-0.03744628120697624,-0.023689179229525736,1.224185819803338,False
21,5,1,-0.08669416290590415,-0.028095481607108175,-0.007672044766781738,0.989744521997164,False
21,5,2,-0.016626538007062264,-0.06449886239489211,-0.03025599401532908,1.0179708828901737,False
