seed,max_z_score,reject_threshold_2p5
0,3.033517599105835,True
1,3.2315690517425537,True
2,3.0075933933258057,True
3,2.898482322692871,True
4,3.2660675048828125,True
5,3.386153221130371,True
6,3.298290491104126,True
7,3.0676987171173096,True
8,3.1427009105682373,True
9,3.4309115409851074,True
